三重県 津 の天気,2022-12-27,晴れ,https://www.jma.go.jp/bosai/forecast/#area_type=offices&area_code=240000
福井県 福井 の天気,2022-12-27,曇り,https://www.jma.go.jp/bosai/forecast/#area_type=offices&area_code=180000
神奈川県 横浜 の天気,2022-12-27,晴れ,https://www.jma.go.jp/bosai/forecast/#area_type=offices&area_code=140000
東京都 東京 の天気,2022-12-27,晴れ,https://www.jma.go.jp/bosai/forecast/#area_type=offices&area_code=130000
愛知県 名古屋 の天気,2022-12-27,晴れ,https://www.jma.go.jp/bosai/forecast/#area_type=offices&area_code=230000
岐阜県 岐阜 の天気,2022-12-27,晴れ,https://www.jma.go.jp/bosai/forecast/#area_type=offices&area_code=210000
新潟県 新潟 の天気,2022-12-27,曇り,https://www.jma.go.jp/bosai/forecast/#area_type=offices&area_code=150000
長野県 長野 の天気,2022-12-27,晴時々曇,https://www.jma.go.jp/bosai/forecast/#area_type=offices&area_code=200000
富山県 富山 の天気,2022-12-27,曇り,https://www.jma.go.jp/bosai/forecast/#area_type=offices&area_code=160000
石川県 金沢 の天気,2022-12-27,曇り,https://www.jma.go.jp/bosai/forecast/#area_type=offices&area_code=170000
静岡県 静岡 の天気,2022-12-27,晴れ,https://www.jma.go.jp/bosai/forecast/#area_type=offices&area_code=220000
山梨県 甲府 の天気,2022-12-27,晴れ,https://www.jma.go.jp/bosai/forecast/#area_type=offices&area_code=190000
